sample-id,Plate,Well,Primer,Barcode,Mouse_Label,Mouse_Label_Cols,Sample_Type_Env,Mouse,Group_Name,Group,Sex,Genotype,Week,Cohort,Sample_Type,Group_Sample_Type,Group_Sample_Type_env,Section,Group_Week,Weight,Mouse_Week
403_10,Plate3,B01,806rcbc204,CGTATAAATGCGCCGGACTACHVGGGTWild_TypeCTAAT,403_10,X403_10,feces,403,MaleMutant,Male_Mutant,Male,Mutant,10,A,feces,Male_Mutant_feces,Male_Mutant_feces_10,Feces,10_Male_Mutant,21.8,403_10
403_3,Plate1,D05,806rcbc40,GAACACTTTGGACCGGACTACHVGGGTWild_TypeCTAAT,403_3,X403_3,feces,403,MaleMutant,Male_Mutant,Male,Mutant,3,A,feces,Male_Mutant_feces,Male_Mutant_feces_3,Feces,3_Male_Mutant,7.95,403_3
403_6,Plate2,C05,806rcbc124,CCTGCGAAGTATCCGGACTACHVGGGTWild_TypeCTAAT,403_6,X403_6,feces,403,MaleMutant,Male_Mutant,Male,Mutant,6,A,feces,Male_Mutant_feces,Male_Mutant_feces_6,Feces,6_Male_Mutant,16.8,403_6
405_10,Plate3,C09,806rcbc224,AATGCGCGTATACCGGACTACHVGGGTWild_TypeCTAAT,405_10,X405_10,feces,405,MaleWildType,Male_Wild_Type,Male,Wild_Type,10,A,feces,Male_Wild_Type_feces,Male_Wild_Type_feces_10,Feces,10_Male_Wild_Type,24.85,405_10
405_3,Plate1,F01,806rcbc60,CGGTCAATTGACCCGGACTACHVGGGTWild_TypeCTAAT,405_3,X405_3,feces,405,MaleWildType,Male_Wild_Type,Male,Wild_Type,3,A,feces,Male_Wild_Type_feces,Male_Wild_Type_feces_3,Feces,3_Male_Wild_Type,11.15,405_3
405_6,Plate2,E01,806rcbc144,TTAGAGCCATGCCCGGACTACHVGGGTWild_TypeCTAAT,405_6,X405_6,feces,405,MaleWildType,Male_Wild_Type,Male,Wild_Type,6,A,feces,Male_Wild_Type_feces,Male_Wild_Type_feces_6,Feces,6_Male_Wild_Type,17.5,405_6
407_10,Plate3,B02,806rcbc205,ATGCTGCAACACCCGGACTACHVGGGTWild_TypeCTAAT,407_10,X407_10,feces,407,MaleMutant,Male_Mutant,Male,Mutant,10,A,feces,Male_Mutant_feces,Male_Mutant_feces_10,Feces,10_Male_Mutant,23.15,407_10
407_3,Plate1,D06,806rcbc41,GAGCCATCTGTACCGGACTACHVGGGTWild_TypeCTAAT,407_3,X407_3,feces,407,MaleMutant,Male_Mutant,Male,Mutant,3,A,feces,Male_Mutant_feces,Male_Mutant_feces_3,Feces,3_Male_Mutant,9.95,407_3
407_6,Plate2,C06,806rcbc125,TTCTCTCGACATCCGGACTACHVGGGTWild_TypeCTAAT,407_6,X407_6,feces,407,MaleMutant,Male_Mutant,Male,Mutant,6,A,feces,Male_Mutant_feces,Male_Mutant_feces_6,Feces,6_Male_Mutant,19,407_6
408_10,Plate3,B03,806rcbc206,ACTCGCTCGCTGCCGGACTACHVGGGTWild_TypeCTAAT,408_10,X408_10,feces,408,MaleMutant,Male_Mutant,Male,Mutant,10,A,feces,Male_Mutant_feces,Male_Mutant_feces_10,Feces,10_Male_Mutant,26.3,408_10
408_3,Plate1,D07,806rcbc42,TTGGGTACACGTCCGGACTACHVGGGTWild_TypeCTAAT,408_3,X408_3,feces,408,MaleMutant,Male_Mutant,Male,Mutant,3,A,feces,Male_Mutant_feces,Male_Mutant_feces_3,Feces,3_Male_Mutant,11,408_3
408_6,Plate2,C07,806rcbc126,GCTCTCCGTAGACCGGACTACHVGGGTWild_TypeCTAAT,408_6,X408_6,feces,408,MaleMutant,Male_Mutant,Male,Mutant,6,A,feces,Male_Mutant_feces,Male_Mutant_feces_6,Feces,6_Male_Mutant,20.45,408_6
411_10,Plate3,C10,806rcbc225,CTTGATTCTTGACCGGACTACHVGGGTWild_TypeCTAAT,411_10,X411_10,feces,411,MaleWildType,Male_Wild_Type,Male,Wild_Type,10,A,feces,Male_Wild_Type_feces,Male_Wild_Type_feces_10,Feces,10_Male_Wild_Type,29.95,411_10
411_3,Plate1,F02,806rcbc61,GTGGAGTCTCATCCGGACTACHVGGGTWild_TypeCTAAT,411_3,X411_3,feces,411,MaleWildType,Male_Wild_Type,Male,Wild_Type,3,A,feces,Male_Wild_Type_feces,Male_Wild_Type_feces_3,Feces,3_Male_Wild_Type,12.3,411_3
411_6,Plate2,E02,806rcbc145,TGAACCCTATGGCCGGACTACHVGGGTWild_TypeCTAAT,411_6,X411_6,feces,411,MaleWildType,Male_Wild_Type,Male,Wild_Type,6,A,feces,Male_Wild_Type_feces,Male_Wild_Type_feces_6,Feces,6_Male_Wild_Type,22.8,411_6
412_10,Plate2,H05,806rcbc184,ACGATTCGAGTCCCGGACTACHVGGGTWild_TypeCTAAT,412_10,X412_10,feces,412,FemaleWildType,Female_Wild_Type,Female,Wild_Type,10,A,feces,Female_Wild_Type_feces,Female_Wild_Type_feces_10,Feces,10_Female_Wild_Type,21.3,412_10
412_3,Plate1,B09,806rcbc20,GATCTGCGATCCCCGGACTACHVGGGTWild_TypeCTAAT,412_3,X412_3,feces,412,FemaleWildType,Female_Wild_Type,Female,Wild_Type,3,A,feces,Female_Wild_Type_feces,Female_Wild_Type_feces_3,Feces,3_Female_Wild_Type,11.1,412_3
412_6,Plate2,A09,806rcbc104,ATCTACCGAAGCCCGGACTACHVGGGTWild_TypeCTAAT,412_6,X412_6,feces,412,FemaleWildType,Female_Wild_Type,Female,Wild_Type,6,A,feces,Female_Wild_Type_feces,Female_Wild_Type_feces_6,Feces,6_Female_Wild_Type,17.4,412_6
414_10,Plate2,F12,806rcbc167,CGCTACAACTCGCCGGACTACHVGGGTWild_TypeCTAAT,414_10,X414_10,feces,414,FemaleMutant,Female_Mutant,Female,Mutant,10,A,feces,Female_Mutant_feces,Female_Mutant_feces_10,Feces,10_Female_Mutant,23.3,414_10
414_3,Plate1,A04,806rcbc3,ATCACCAGGTGTCCGGACTACHVGGGTWild_TypeCTAAT,414_3,X414_3,feces,414,FemaleMutant,Female_Mutant,Female,Mutant,3,A,feces,Female_Mutant_feces,Female_Mutant_feces_3,Feces,3_Female_Mutant,9.7,414_3
414_6,Plate1,H04,806rcbc87,GGACTTCCAGCTCCGGACTACHVGGGTWild_TypeCTAAT,414_6,X414_6,feces,414,FemaleMutant,Female_Mutant,Female,Mutant,6,A,feces,Female_Mutant_feces,Female_Mutant_feces_6,Feces,6_Female_Mutant,19.05,414_6
420_10,Plate3,C11,806rcbc226,GAAATCTTGAAGCCGGACTACHVGGGTWild_TypeCTAAT,420_10,X420_10,feces,420,MaleWildType,Male_Wild_Type,Male,Wild_Type,10,A,feces,Male_Wild_Type_feces,Male_Wild_Type_feces_10,Feces,10_Male_Wild_Type,29.65,420_10
420_3,Plate1,F03,806rcbc62,GCTCGAAGATTCCCGGACTACHVGGGTWild_TypeCTAAT,420_3,X420_3,feces,420,MaleWildType,Male_Wild_Type,Male,Wild_Type,3,A,feces,Male_Wild_Type_feces,Male_Wild_Type_feces_3,Feces,3_Male_Wild_Type,12.1,420_3
420_6,Plate2,E03,806rcbc146,AGAGTCTTGCCACCGGACTACHVGGGTWild_TypeCTAAT,420_6,X420_6,feces,420,MaleWildType,Male_Wild_Type,Male,Wild_Type,6,A,feces,Male_Wild_Type_feces,Male_Wild_Type_feces_6,Feces,6_Male_Wild_Type,22.7,420_6
425_10,Plate3,C12,806rcbc227,GAGATACAGTTCCCGGACTACHVGGGTWild_TypeCTAAT,425_10,X425_10,feces,425,MaleWildType,Male_Wild_Type,Male,Wild_Type,10,A,feces,Male_Wild_Type_feces,Male_Wild_Type_feces_10,Feces,10_Male_Wild_Type,28.1,425_10
425_3,Plate1,F04,806rcbc63,AGGCTTACGTGTCCGGACTACHVGGGTWild_TypeCTAAT,425_3,X425_3,feces,425,MaleWildType,Male_Wild_Type,Male,Wild_Type,3,A,feces,Male_Wild_Type_feces,Male_Wild_Type_feces_3,Feces,3_Male_Wild_Type,12.45,425_3
425_6,Plate2,E04,806rcbc147,ACAACACTCCGACCGGACTACHVGGGTWild_TypeCTAAT,425_6,X425_6,feces,425,MaleWildType,Male_Wild_Type,Male,Wild_Type,6,A,feces,Male_Wild_Type_feces,Male_Wild_Type_feces_6,Feces,6_Male_Wild_Type,21.85,425_6
427_10,Plate3,D01,806rcbc228,ACGTATTCGAAGCCGGACTACHVGGGTWild_TypeCTAAT,427_10,X427_10,feces,427,MaleWildType,Male_Wild_Type,Male,Wild_Type,10,A,feces,Male_Wild_Type_feces,Male_Wild_Type_feces_10,Feces,10_Male_Wild_Type,31.15,427_10
427_3,Plate1,F05,806rcbc64,TCTCTACCACTCCCGGACTACHVGGGTWild_TypeCTAAT,427_3,X427_3,feces,427,MaleWildType,Male_Wild_Type,Male,Wild_Type,3,A,feces,Male_Wild_Type_feces,Male_Wild_Type_feces_3,Feces,3_Male_Wild_Type,12.65,427_3
427_6,Plate2,E05,806rcbc148,CGATGCTGTTGACCGGACTACHVGGGTWild_TypeCTAAT,427_6,X427_6,feces,427,MaleWildType,Male_Wild_Type,Male,Wild_Type,6,A,feces,Male_Wild_Type_feces,Male_Wild_Type_feces_6,Feces,6_Male_Wild_Type,23.05,427_6
428_10,Plate3,B04,806rcbc207,TTCCTTAGTAGTCCGGACTACHVGGGTWild_TypeCTAAT,428_10,X428_10,feces,428,MaleMutant,Male_Mutant,Male,Mutant,10,A,feces,Male_Mutant_feces,Male_Mutant_feces_10,Feces,10_Male_Mutant,20.2,428_10
428_3,Plate1,D08,806rcbc43,AAGGCGCTCCTTCCGGACTACHVGGGTWild_TypeCTAAT,428_3,X428_3,feces,428,MaleMutant,Male_Mutant,Male,Mutant,3,A,feces,Male_Mutant_feces,Male_Mutant_feces_3,Feces,3_Male_Mutant,9.1,428_3
428_6,Plate2,C08,806rcbc127,GTTAAGCTGACCCCGGACTACHVGGGTWild_TypeCTAAT,428_6,X428_6,feces,428,MaleMutant,Male_Mutant,Male,Mutant,6,A,feces,Male_Mutant_feces,Male_Mutant_feces_6,Feces,6_Male_Mutant,16.75,428_6
431_10,Plate3,D02,806rcbc229,ACCTTACACCTTCCGGACTACHVGGGTWild_TypeCTAAT,431_10,X431_10,feces,431,MaleWildType,Male_Wild_Type,Male,Wild_Type,10,A,feces,Male_Wild_Type_feces,Male_Wild_Type_feces_10,Feces,10_Male_Wild_Type,25.6,431_10
431_3,Plate1,F06,806rcbc65,ACTTCCAACTTCCCGGACTACHVGGGTWild_TypeCTAAT,431_3,X431_3,feces,431,MaleWildType,Male_Wild_Type,Male,Wild_Type,3,A,feces,Male_Wild_Type_feces,Male_Wild_Type_feces_3,Feces,3_Male_Wild_Type,11.2,431_3
431_6,Plate2,E06,806rcbc149,ACGACTGCATAACCGGACTACHVGGGTWild_TypeCTAAT,431_6,X431_6,feces,431,MaleWildType,Male_Wild_Type,Male,Wild_Type,6,A,feces,Male_Wild_Type_feces,Male_Wild_Type_feces_6,Feces,6_Male_Wild_Type,20,431_6
432_10,Plate2,G01,806rcbc168,TTAAGACAGTCGCCGGACTACHVGGGTWild_TypeCTAAT,432_10,X432_10,feces,432,FemaleMutant,Female_Mutant,Female,Mutant,10,A,feces,Female_Mutant_feces,Female_Mutant_feces_10,Feces,10_Female_Mutant,21.55,432_10
432_3,Plate1,A05,806rcbc4,TGGTCAACGATACCGGACTACHVGGGTWild_TypeCTAAT,432_3,X432_3,feces,432,FemaleMutant,Female_Mutant,Female,Mutant,3,A,feces,Female_Mutant_feces,Female_Mutant_feces_3,Feces,3_Female_Mutant,11.15,432_3
432_6,Plate1,H05,806rcbc88,CTCACAACCGTGCCGGACTACHVGGGTWild_TypeCTAAT,432_6,X432_6,feces,432,FemaleMutant,Female_Mutant,Female,Mutant,6,A,feces,Female_Mutant_feces,Female_Mutant_feces_6,Feces,6_Female_Mutant,17.05,432_6
433_10,Plate2,H06,806rcbc185,GGTTCGGTCCATCCGGACTACHVGGGTWild_TypeCTAAT,433_10,X433_10,feces,433,FemaleWildType,Female_Wild_Type,Female,Wild_Type,10,A,feces,Female_Wild_Type_feces,Female_Wild_Type_feces_10,Feces,10_Female_Wild_Type,22.9,433_10
433_3,Plate1,B10,806rcbc21,CAGCTCATCAGCCCGGACTACHVGGGTWild_TypeCTAAT,433_3,X433_3,feces,433,FemaleWildType,Female_Wild_Type,Female,Wild_Type,3,A,feces,Female_Wild_Type_feces,Female_Wild_Type_feces_3,Feces,3_Female_Wild_Type,10.75,433_3
433_6,Plate2,A10,806rcbc105,ACTTGGTGTAAGCCGGACTACHVGGGTWild_TypeCTAAT,433_6,X433_6,feces,433,FemaleWildType,Female_Wild_Type,Female,Wild_Type,6,A,feces,Female_Wild_Type_feces,Female_Wild_Type_feces_6,Feces,6_Female_Wild_Type,17.95,433_6
437_10,Plate2,H07,806rcbc186,CTGATCCATCTTCCGGACTACHVGGGTWild_TypeCTAAT,437_10,X437_10,feces,437,FemaleWildType,Female_Wild_Type,Female,Wild_Type,10,A,feces,Female_Wild_Type_feces,Female_Wild_Type_feces_10,Feces,10_Female_Wild_Type,21.1,437_10
437_3,Plate1,B11,806rcbc22,CAAACAACAGCTCCGGACTACHVGGGTWild_TypeCTAAT,437_3,X437_3,feces,437,FemaleWildType,Female_Wild_Type,Female,Wild_Type,3,A,feces,Female_Wild_Type_feces,Female_Wild_Type_feces_3,Feces,3_Female_Wild_Type,11.05,437_3
437_6,Plate2,A11,806rcbc106,TCTTGGAGGTCACCGGACTACHVGGGTWild_TypeCTAAT,437_6,X437_6,feces,437,FemaleWildType,Female_Wild_Type,Female,Wild_Type,6,A,feces,Female_Wild_Type_feces,Female_Wild_Type_feces_6,Feces,6_Female_Wild_Type,18.9,437_6
438_10,Plate2,H08,806rcbc187,TATGTGCCGGCTCCGGACTACHVGGGTWild_TypeCTAAT,438_10,X438_10,feces,438,FemaleWildType,Female_Wild_Type,Female,Wild_Type,10,A,feces,Female_Wild_Type_feces,Female_Wild_Type_feces_10,Feces,10_Female_Wild_Type,20.65,438_10
438_3,Plate1,B12,806rcbc23,GCAACACCATCCCCGGACTACHVGGGTWild_TypeCTAAT,438_3,X438_3,feces,438,FemaleWildType,Female_Wild_Type,Female,Wild_Type,3,A,feces,Female_Wild_Type_feces,Female_Wild_Type_feces_3,Feces,3_Female_Wild_Type,11.8,438_3
438_6,Plate2,A12,806rcbc107,TCACCTCCTTGTCCGGACTACHVGGGTWild_TypeCTAAT,438_6,X438_6,feces,438,FemaleWildType,Female_Wild_Type,Female,Wild_Type,6,A,feces,Female_Wild_Type_feces,Female_Wild_Type_feces_6,Feces,6_Female_Wild_Type,18.55,438_6
439_10,Plate2,H09,806rcbc188,TGGTCGCATCGTCCGGACTACHVGGGTWild_TypeCTAAT,439_10,X439_10,feces,439,FemaleWildType,Female_Wild_Type,Female,Wild_Type,10,A,feces,Female_Wild_Type_feces,Female_Wild_Type_feces_10,Feces,10_Female_Wild_Type,20.25,439_10
439_3,Plate1,C01,806rcbc24,GCGATATATCGCCCGGACTACHVGGGTWild_TypeCTAAT,439_3,X439_3,feces,439,FemaleWildType,Female_Wild_Type,Female,Wild_Type,3,A,feces,Female_Wild_Type_feces,Female_Wild_Type_feces_3,Feces,3_Female_Wild_Type,10.3,439_3
439_6,Plate2,B01,806rcbc108,GCACACCTGATACCGGACTACHVGGGTWild_TypeCTAAT,439_6,X439_6,feces,439,FemaleWildType,Female_Wild_Type,Female,Wild_Type,6,A,feces,Female_Wild_Type_feces,Female_Wild_Type_feces_6,Feces,6_Female_Wild_Type,17.8,439_6
444_10,Plate2,G02,806rcbc169,TCTGCACTGAGCCCGGACTACHVGGGTWild_TypeCTAAT,444_10,X444_10,feces,444,FemaleMutant,Female_Mutant,Female,Mutant,10,A,feces,Female_Mutant_feces,Female_Mutant_feces_10,Feces,10_Female_Mutant,22,444_10
444_3,Plate1,A06,806rcbc5,ATCGCACAGTAACCGGACTACHVGGGTWild_TypeCTAAT,444_3,X444_3,feces,444,FemaleMutant,Female_Mutant,Female,Mutant,3,A,feces,Female_Mutant_feces,Female_Mutant_feces_3,Feces,3_Female_Mutant,9.55,444_3
444_6,Plate1,H06,806rcbc89,CTGCTATTCCTCCCGGACTACHVGGGTWild_TypeCTAAT,444_6,X444_6,feces,444,FemaleMutant,Female_Mutant,Female,Mutant,6,A,feces,Female_Mutant_feces,Female_Mutant_feces_6,Feces,6_Female_Mutant,19.6,444_6
449_10,Plate3,B05,806rcbc208,CGTCCGTATGAACCGGACTACHVGGGTWild_TypeCTAAT,449_10,X449_10,feces,449,MaleMutant,Male_Mutant,Male,Mutant,10,A,feces,Male_Mutant_feces,Male_Mutant_feces_10,Feces,10_Male_Mutant,33.9,449_10
449_3,Plate1,D09,806rcbc44,TAATACGGATCGCCGGACTACHVGGGTWild_TypeCTAAT,449_3,X449_3,feces,449,MaleMutant,Male_Mutant,Male,Mutant,3,A,feces,Male_Mutant_feces,Male_Mutant_feces_3,Feces,3_Male_Mutant,12.8,449_3
449_6,Plate2,C09,806rcbc128,ATGCCATGCCGTCCGGACTACHVGGGTWild_TypeCTAAT,449_6,X449_6,feces,449,MaleMutant,Male_Mutant,Male,Mutant,6,A,feces,Male_Mutant_feces,Male_Mutant_feces_6,Feces,6_Male_Mutant,22.45,449_6
450_10,Plate3,D03,806rcbc230,TAATCTCGCCGGCCGGACTACHVGGGTWild_TypeCTAAT,450_10,X450_10,feces,450,MaleWildType,Male_Wild_Type,Male,Wild_Type,10,A,feces,Male_Wild_Type_feces,Male_Wild_Type_feces_10,Feces,10_Male_Wild_Type,24.75,450_10
450_3,Plate1,F07,806rcbc66,CTCACCTAGGAACCGGACTACHVGGGTWild_TypeCTAAT,450_3,X450_3,feces,450,MaleWildType,Male_Wild_Type,Male,Wild_Type,3,A,feces,Male_Wild_Type_feces,Male_Wild_Type_feces_3,Feces,3_Male_Wild_Type,11.7,450_3
450_6,Plate2,E07,806rcbc150,ACGCGAACTAATCCGGACTACHVGGGTWild_TypeCTAAT,450_6,X450_6,feces,450,MaleWildType,Male_Wild_Type,Male,Wild_Type,6,A,feces,Male_Wild_Type_feces,Male_Wild_Type_feces_6,Feces,6_Male_Wild_Type,21.25,450_6
451_10,Plate2,H10,806rcbc189,TGTAAGACTTGGCCGGACTACHVGGGTWild_TypeCTAAT,451_10,X451_10,feces,451,FemaleWildType,Female_Wild_Type,Female,Wild_Type,10,A,feces,Female_Wild_Type_feces,Female_Wild_Type_feces_10,Feces,10_Female_Wild_Type,21.6,451_10
451_3,Plate1,C02,806rcbc25,CGAGCAATCCTACCGGACTACHVGGGTWild_TypeCTAAT,451_3,X451_3,feces,451,FemaleWildType,Female_Wild_Type,Female,Wild_Type,3,A,feces,Female_Wild_Type_feces,Female_Wild_Type_feces_3,Feces,3_Female_Wild_Type,10.15,451_3
451_6,Plate2,B02,806rcbc109,GCGACAATTACACCGGACTACHVGGGTWild_TypeCTAAT,451_6,X451_6,feces,451,FemaleWildType,Female_Wild_Type,Female,Wild_Type,6,A,feces,Female_Wild_Type_feces,Female_Wild_Type_feces_6,Feces,6_Female_Wild_Type,19.45,451_6
452_10,Plate3,B06,806rcbc209,ACGTGAGGAACGCCGGACTACHVGGGTWild_TypeCTAAT,452_10,X452_10,feces,452,MaleMutant,Male_Mutant,Male,Mutant,10,A,feces,Male_Mutant_feces,Male_Mutant_feces_10,Feces,10_Male_Mutant,19.35,452_10
452_3,Plate1,D10,806rcbc45,TCGGAATTAGACCCGGACTACHVGGGTWild_TypeCTAAT,452_3,X452_3,feces,452,MaleMutant,Male_Mutant,Male,Mutant,3,A,feces,Male_Mutant_feces,Male_Mutant_feces_3,Feces,3_Male_Mutant,8.7,452_3
452_6,Plate2,C10,806rcbc129,GACATTGTCACGCCGGACTACHVGGGTWild_TypeCTAAT,452_6,X452_6,feces,452,MaleMutant,Male_Mutant,Male,Mutant,6,A,feces,Male_Mutant_feces,Male_Mutant_feces_6,Feces,6_Male_Mutant,15.85,452_6
456_10,Plate2,H11,806rcbc190,CGGATCTAGTGTCCGGACTACHVGGGTWild_TypeCTAAT,456_10,X456_10,feces,456,FemaleWildType,Female_Wild_Type,Female,Wild_Type,10,A,feces,Female_Wild_Type_feces,Female_Wild_Type_feces_10,Feces,10_Female_Wild_Type,21.35,456_10
456_3,Plate1,C03,806rcbc26,AGTCGTGCACATCCGGACTACHVGGGTWild_TypeCTAAT,456_3,X456_3,feces,456,FemaleWildType,Female_Wild_Type,Female,Wild_Type,3,A,feces,Female_Wild_Type_feces,Female_Wild_Type_feces_3,Feces,3_Female_Wild_Type,8.65,456_3
456_6,Plate2,B03,806rcbc110,TCATGCTCCATTCCGGACTACHVGGGTWild_TypeCTAAT,456_6,X456_6,feces,456,FemaleWildType,Female_Wild_Type,Female,Wild_Type,6,A,feces,Female_Wild_Type_feces,Female_Wild_Type_feces_6,Feces,6_Female_Wild_Type,16.3,456_6
459_10,Plate3,D04,806rcbc231,ATCTAGTGGCAACCGGACTACHVGGGTWild_TypeCTAAT,459_10,X459_10,feces,459,MaleWildType,Male_Wild_Type,Male,Wild_Type,10,A,feces,Male_Wild_Type_feces,Male_Wild_Type_feces_10,Feces,10_Male_Wild_Type,26.65,459_10
459_3,Plate1,F08,806rcbc67,GTGTTGTCGTGCCCGGACTACHVGGGTWild_TypeCTAAT,459_3,X459_3,feces,459,MaleWildType,Male_Wild_Type,Male,Wild_Type,3,A,feces,Male_Wild_Type_feces,Male_Wild_Type_feces_3,Feces,3_Male_Wild_Type,12.05,459_3
459_6,Plate2,E08,806rcbc151,AGCTATGTATGGCCGGACTACHVGGGTWild_TypeCTAAT,459_6,X459_6,feces,459,MaleWildType,Male_Wild_Type,Male,Wild_Type,6,A,feces,Male_Wild_Type_feces,Male_Wild_Type_feces_6,Feces,6_Male_Wild_Type,21.3,459_6
461_10,Plate3,B07,806rcbc210,GGTTGCCCTGTACCGGACTACHVGGGTWild_TypeCTAAT,461_10,X461_10,feces,461,MaleMutant,Male_Mutant,Male,Mutant,10,A,feces,Male_Mutant_feces,Male_Mutant_feces_10,Feces,10_Male_Mutant,24.05,461_10
461_3,Plate1,D11,806rcbc46,TGTGAATTCGGACCGGACTACHVGGGTWild_TypeCTAAT,461_3,X461_3,feces,461,MaleMutant,Male_Mutant,Male,Mutant,3,A,feces,Male_Mutant_feces,Male_Mutant_feces_3,Feces,3_Male_Mutant,7.95,461_3
461_6,Plate2,C11,806rcbc130,GCCAACAACCATCCGGACTACHVGGGTWild_TypeCTAAT,461_6,X461_6,feces,461,MaleMutant,Male_Mutant,Male,Mutant,6,A,feces,Male_Mutant_feces,Male_Mutant_feces_6,Feces,6_Male_Mutant,17.45,461_6
463_10,Plate2,G03,806rcbc170,CGCAGATTAGTACCGGACTACHVGGGTWild_TypeCTAAT,463_10,X463_10,feces,463,FemaleMutant,Female_Mutant,Female,Mutant,10,A,feces,Female_Mutant_feces,Female_Mutant_feces_10,Feces,10_Female_Mutant,19.15,463_10
463_3,Plate1,A07,806rcbc6,GTCGTGTAGCCTCCGGACTACHVGGGTWild_TypeCTAAT,463_3,X463_3,feces,463,FemaleMutant,Female_Mutant,Female,Mutant,3,A,feces,Female_Mutant_feces,Female_Mutant_feces_3,Feces,3_Female_Mutant,7.65,463_3
463_6,Plate1,H07,806rcbc90,ATGTCACCGCTGCCGGACTACHVGGGTWild_TypeCTAAT,463_6,X463_6,feces,463,FemaleMutant,Female_Mutant,Female,Mutant,6,A,feces,Female_Mutant_feces,Female_Mutant_feces_6,Feces,6_Female_Mutant,15.2,463_6
464_10,Plate2,G04,806rcbc171,TGGGTCCCACATCCGGACTACHVGGGTWild_TypeCTAAT,464_10,X464_10,feces,464,FemaleMutant,Female_Mutant,Female,Mutant,10,A,feces,Female_Mutant_feces,Female_Mutant_feces_10,Feces,10_Female_Mutant,23.1,464_10
464_3,Plate1,A08,806rcbc7,AGCGGAGGTTAGCCGGACTACHVGGGTWild_TypeCTAAT,464_3,X464_3,feces,464,FemaleMutant,Female_Mutant,Female,Mutant,3,A,feces,Female_Mutant_feces,Female_Mutant_feces_3,Feces,3_Female_Mutant,10.05,464_3
464_6,Plate1,H08,806rcbc91,TGTAACGCCGATCCGGACTACHVGGGTWild_TypeCTAAT,464_6,X464_6,feces,464,FemaleMutant,Female_Mutant,Female,Mutant,6,A,feces,Female_Mutant_feces,Female_Mutant_feces_6,Feces,6_Female_Mutant,18.35,464_6
465_10,Plate3,B08,806rcbc211,CATATAGCCCGACCGGACTACHVGGGTWild_TypeCTAAT,465_10,X465_10,feces,465,MaleMutant,Male_Mutant,Male,Mutant,10,A,feces,Male_Mutant_feces,Male_Mutant_feces_10,Feces,10_Male_Mutant,24.1,465_10
465_3,Plate1,D12,806rcbc47,CATTCGTGGCGTCCGGACTACHVGGGTWild_TypeCTAAT,465_3,X465_3,feces,465,MaleMutant,Male_Mutant,Male,Mutant,3,A,feces,Male_Mutant_feces,Male_Mutant_feces_3,Feces,3_Male_Mutant,8.3,465_3
465_6,Plate2,C12,806rcbc131,ATCAGTACTAGGCCGGACTACHVGGGTWild_TypeCTAAT,465_6,X465_6,feces,465,MaleMutant,Male_Mutant,Male,Mutant,6,A,feces,Male_Mutant_feces,Male_Mutant_feces_6,Feces,6_Male_Mutant,17.2,465_6
466_10,Plate3,B09,806rcbc212,GCCTATGAGATCCCGGACTACHVGGGTWild_TypeCTAAT,466_10,X466_10,feces,466,MaleMutant,Male_Mutant,Male,Mutant,10,A,feces,Male_Mutant_feces,Male_Mutant_feces_10,Feces,10_Male_Mutant,22.25,466_10
466_3,Plate1,E01,806rcbc48,TACTACGTGGCCCCGGACTACHVGGGTWild_TypeCTAAT,466_3,X466_3,feces,466,MaleMutant,Male_Mutant,Male,Mutant,3,A,feces,Male_Mutant_feces,Male_Mutant_feces_3,Feces,3_Male_Mutant,10.35,466_3
466_6,Plate2,D01,806rcbc132,TCCTCGAGCGATCCGGACTACHVGGGTWild_TypeCTAAT,466_6,X466_6,feces,466,MaleMutant,Male_Mutant,Male,Mutant,6,A,feces,Male_Mutant_feces,Male_Mutant_feces_6,Feces,6_Male_Mutant,18.25,466_6
471_10,Plate2,H12,806rcbc191,CGATCTTCGAGCCCGGACTACHVGGGTWild_TypeCTAAT,471_10,X471_10,feces,471,FemaleWildType,Female_Wild_Type,Female,Wild_Type,10,A,feces,Female_Wild_Type_feces,Female_Wild_Type_feces_10,Feces,10_Female_Wild_Type,21.15,471_10
471_3,Plate1,C04,806rcbc27,GTATCTGCGCGTCCGGACTACHVGGGTWild_TypeCTAAT,471_3,X471_3,feces,471,FemaleWildType,Female_Wild_Type,Female,Wild_Type,3,A,feces,Female_Wild_Type_feces,Female_Wild_Type_feces_3,Feces,3_Female_Wild_Type,9.65,471_3
471_6,Plate2,B04,806rcbc111,AGCTGTCAAGCTCCGGACTACHVGGGTWild_TypeCTAAT,471_6,X471_6,feces,471,FemaleWildType,Female_Wild_Type,Female,Wild_Type,6,A,feces,Female_Wild_Type_feces,Female_Wild_Type_feces_6,Feces,6_Female_Wild_Type,16.65,471_6
472_10,Plate3,B10,806rcbc213,CAAGTGAAGGGACCGGACTACHVGGGTWild_TypeCTAAT,472_10,X472_10,feces,472,MaleMutant,Male_Mutant,Male,Mutant,10,A,feces,Male_Mutant_feces,Male_Mutant_feces_10,Feces,10_Male_Mutant,24.4,472_10
472_3,Plate1,E02,806rcbc49,GGCCAGTTCCTACCGGACTACHVGGGTWild_TypeCTAAT,472_3,X472_3,feces,472,MaleMutant,Male_Mutant,Male,Mutant,3,A,feces,Male_Mutant_feces,Male_Mutant_feces_3,Feces,3_Male_Mutant,10.35,472_3
472_6,Plate2,D02,806rcbc133,ACCCAAGCGTTACCGGACTACHVGGGTWild_TypeCTAAT,472_6,X472_6,feces,472,MaleMutant,Male_Mutant,Male,Mutant,6,A,feces,Male_Mutant_feces,Male_Mutant_feces_6,Feces,6_Male_Mutant,19.4,472_6
475_10,Plate3,D05,806rcbc232,ACGCTTAACGACCCGGACTACHVGGGTWild_TypeCTAAT,475_10,X475_10,feces,475,MaleWildType,Male_Wild_Type,Male,Wild_Type,10,A,feces,Male_Wild_Type_feces,Male_Wild_Type_feces_10,Feces,10_Male_Wild_Type,26.45,475_10
475_3,Plate1,F09,806rcbc68,CCACAGATCGATCCGGACTACHVGGGTWild_TypeCTAAT,475_3,X475_3,feces,475,MaleWildType,Male_Wild_Type,Male,Wild_Type,3,A,feces,Male_Wild_Type_feces,Male_Wild_Type_feces_3,Feces,3_Male_Wild_Type,11.15,475_3
475_6,Plate2,E09,806rcbc152,ACGGGTCATCATCCGGACTACHVGGGTWild_TypeCTAAT,475_6,X475_6,feces,475,MaleWildType,Male_Wild_Type,Male,Wild_Type,6,A,feces,Male_Wild_Type_feces,Male_Wild_Type_feces_6,Feces,6_Male_Wild_Type,21.2,475_6
476_10,Plate2,G05,806rcbc172,CACTGGTGCATACCGGACTACHVGGGTWild_TypeCTAAT,476_10,X476_10,feces,476,FemaleMutant,Female_Mutant,Female,Mutant,10,A,feces,Female_Mutant_feces,Female_Mutant_feces_10,Feces,10_Female_Mutant,21.55,476_10
476_3,Plate1,A09,806rcbc8,ATCCTTTGGTTCCCGGACTACHVGGGTWild_TypeCTAAT,476_3,X476_3,feces,476,FemaleMutant,Female_Mutant,Female,Mutant,3,A,feces,Female_Mutant_feces,Female_Mutant_feces_3,Feces,3_Female_Mutant,8.45,476_3
476_6,Plate1,H09,806rcbc92,AGCAGAACATCTCCGGACTACHVGGGTWild_TypeCTAAT,476_6,X476_6,feces,476,FemaleMutant,Female_Mutant,Female,Mutant,6,A,feces,Female_Mutant_feces,Female_Mutant_feces_6,Feces,6_Female_Mutant,17.65,476_6
478_10,Plate2,G06,806rcbc173,AACGTAGGCTCTCCGGACTACHVGGGTWild_TypeCTAAT,478_10,X478_10,feces,478,FemaleMutant,Female_Mutant,Female,Mutant,10,A,feces,Female_Mutant_feces,Female_Mutant_feces_10,Feces,10_Female_Mutant,23.55,478_10
478_3,Plate1,A10,806rcbc9,TACAGCGCATACCCGGACTACHVGGGTWild_TypeCTAAT,478_3,X478_3,feces,478,FemaleMutant,Female_Mutant,Female,Mutant,3,A,feces,Female_Mutant_feces,Female_Mutant_feces_3,Feces,3_Female_Mutant,8.6,478_3
478_6,Plate1,H10,806rcbc93,TGGAGTAGGTGGCCGGACTACHVGGGTWild_TypeCTAAT,478_6,X478_6,feces,478,FemaleMutant,Female_Mutant,Female,Mutant,6,A,feces,Female_Mutant_feces,Female_Mutant_feces_6,Feces,6_Female_Mutant,18.75,478_6
481_10,Plate3,D06,806rcbc233,TACGGATTATGGCCGGACTACHVGGGTWild_TypeCTAAT,481_10,X481_10,feces,481,MaleWildType,Male_Wild_Type,Male,Wild_Type,10,A,feces,Male_Wild_Type_feces,Male_Wild_Type_feces_10,Feces,10_Male_Wild_Type,26.35,481_10
481_3,Plate1,F10,806rcbc69,TATCGACACAAGCCGGACTACHVGGGTWild_TypeCTAAT,481_3,X481_3,feces,481,MaleWildType,Male_Wild_Type,Male,Wild_Type,3,A,feces,Male_Wild_Type_feces,Male_Wild_Type_feces_3,Feces,3_Male_Wild_Type,11.4,481_3
481_6,Plate2,E10,806rcbc153,GAAACATCCCACCCGGACTACHVGGGTWild_TypeCTAAT,481_6,X481_6,feces,481,MaleWildType,Male_Wild_Type,Male,Wild_Type,6,A,feces,Male_Wild_Type_feces,Male_Wild_Type_feces_6,Feces,6_Male_Wild_Type,22.95,481_6
482_10,Plate3,D07,806rcbc234,ATACATGCAAGACCGGACTACHVGGGTWild_TypeCTAAT,482_10,X482_10,feces,482,MaleWildType,Male_Wild_Type,Male,Wild_Type,10,A,feces,Male_Wild_Type_feces,Male_Wild_Type_feces_10,Feces,10_Male_Wild_Type,25.2,482_10
482_3,Plate1,F11,806rcbc70,GATTCCGGCTCACCGGACTACHVGGGTWild_TypeCTAAT,482_3,X482_3,feces,482,MaleWildType,Male_Wild_Type,Male,Wild_Type,3,A,feces,Male_Wild_Type_feces,Male_Wild_Type_feces_3,Feces,3_Male_Wild_Type,10.45,482_3
482_6,Plate2,E11,806rcbc154,CGTACTCTCGAGCCGGACTACHVGGGTWild_TypeCTAAT,482_6,X482_6,feces,482,MaleWildType,Male_Wild_Type,Male,Wild_Type,6,A,feces,Male_Wild_Type_feces,Male_Wild_Type_feces_6,Feces,6_Male_Wild_Type,20.9,482_6
484_10,Plate3,A01,806rcbc192,AGCCTTCGTCGCCCGGACTACHVGGGTWild_TypeCTAAT,484_10,X484_10,feces,484,FemaleWildType,Female_Wild_Type,Female,Wild_Type,10,A,feces,Female_Wild_Type_feces,Female_Wild_Type_feces_10,Feces,10_Female_Wild_Type,20.15,484_10
484_3,Plate1,C05,806rcbc28,CGAGGGAAAGTCCCGGACTACHVGGGTWild_TypeCTAAT,484_3,X484_3,feces,484,FemaleWildType,Female_Wild_Type,Female,Wild_Type,3,A,feces,Female_Wild_Type_feces,Female_Wild_Type_feces_3,Feces,3_Female_Wild_Type,9.3,484_3
484_6,Plate2,B05,806rcbc112,GAGAGCAACAGACCGGACTACHVGGGTWild_TypeCTAAT,484_6,X484_6,feces,484,FemaleWildType,Female_Wild_Type,Female,Wild_Type,6,A,feces,Female_Wild_Type_feces,Female_Wild_Type_feces_6,Feces,6_Female_Wild_Type,17.7,484_6
485_10,Plate3,A02,806rcbc193,TCCATACCGGAACCGGACTACHVGGGTWild_TypeCTAAT,485_10,X485_10,feces,485,FemaleWildType,Female_Wild_Type,Female,Wild_Type,10,A,feces,Female_Wild_Type_feces,Female_Wild_Type_feces_10,Feces,10_Female_Wild_Type,19.8,485_10
485_3,Plate1,C06,806rcbc29,CAAATTCGGGATCCGGACTACHVGGGTWild_TypeCTAAT,485_3,X485_3,feces,485,FemaleWildType,Female_Wild_Type,Female,Wild_Type,3,A,feces,Female_Wild_Type_feces,Female_Wild_Type_feces_3,Feces,3_Female_Wild_Type,10.85,485_3
485_6,Plate2,B06,806rcbc113,TACTCGGGAACTCCGGACTACHVGGGTWild_TypeCTAAT,485_6,X485_6,feces,485,FemaleWildType,Female_Wild_Type,Female,Wild_Type,6,A,feces,Female_Wild_Type_feces,Female_Wild_Type_feces_6,Feces,6_Female_Wild_Type,20.1,485_6
489_10,Plate3,B11,806rcbc214,CACGTTTATTCCCCGGACTACHVGGGTWild_TypeCTAAT,489_10,X489_10,feces,489,MaleMutant,Male_Mutant,Male,Mutant,10,A,feces,Male_Mutant_feces,Male_Mutant_feces_10,Feces,10_Male_Mutant,26.35,489_10
489_3,Plate1,E03,806rcbc50,GATGTTCGCTAGCCGGACTACHVGGGTWild_TypeCTAAT,489_3,X489_3,feces,489,MaleMutant,Male_Mutant,Male,Mutant,3,A,feces,Male_Mutant_feces,Male_Mutant_feces_3,Feces,3_Male_Mutant,12.5,489_3
489_6,Plate2,D03,806rcbc134,TGCAGCAAGATTCCGGACTACHVGGGTWild_TypeCTAAT,489_6,X489_6,feces,489,MaleMutant,Male_Mutant,Male,Mutant,6,A,feces,Male_Mutant_feces,Male_Mutant_feces_6,Feces,6_Male_Mutant,22.35,489_6
495_10,Plate2,G07,806rcbc174,AGTTGTAGTCCGCCGGACTACHVGGGTWild_TypeCTAAT,495_10,X495_10,feces,495,FemaleMutant,Female_Mutant,Female,Mutant,10,A,feces,Female_Mutant_feces,Female_Mutant_feces_10,Feces,10_Female_Mutant,25.55,495_10
495_3,Plate1,A11,806rcbc10,ACCGGTATGTACCCGGACTACHVGGGTWild_TypeCTAAT,495_3,X495_3,feces,495,FemaleMutant,Female_Mutant,Female,Mutant,3,A,feces,Female_Mutant_feces,Female_Mutant_feces_3,Feces,3_Female_Mutant,9.85,495_3
495_6,Plate1,H11,806rcbc94,TTGGCTCTATTCCCGGACTACHVGGGTWild_TypeCTAAT,495_6,X495_6,feces,495,FemaleMutant,Female_Mutant,Female,Mutant,6,A,feces,Female_Mutant_feces,Female_Mutant_feces_6,Feces,6_Female_Mutant,18.85,495_6
500_10,Plate3,D08,806rcbc235,CTTAGTGCAGAACCGGACTACHVGGGTWild_TypeCTAAT,500_10,X500_10,feces,500,MaleWildType,Male_Wild_Type,Male,Wild_Type,10,B,feces,Male_Wild_Type_feces,Male_Wild_Type_feces_10,Feces,10_Male_Wild_Type,25.1,500_10
500_3,Plate1,F12,806rcbc71,CGTAATTGCCGCCCGGACTACHVGGGTWild_TypeCTAAT,500_3,X500_3,feces,500,MaleWildType,Male_Wild_Type,Male,Wild_Type,3,B,feces,Male_Wild_Type_feces,Male_Wild_Type_feces_3,Feces,3_Male_Wild_Type,11.9,500_3
500_6,Plate2,E12,806rcbc155,TCAGTTCTCGTTCCGGACTACHVGGGTWild_TypeCTAAT,500_6,X500_6,feces,500,MaleWildType,Male_Wild_Type,Male,Wild_Type,6,B,feces,Male_Wild_Type_feces,Male_Wild_Type_feces_6,Feces,6_Male_Wild_Type,19.8,500_6
505_10,Plate2,G08,806rcbc175,TCGTCAAACCCGCCGGACTACHVGGGTWild_TypeCTAAT,505_10,X505_10,feces,505,FemaleMutant,Female_Mutant,Female,Mutant,10,B,feces,Female_Mutant_feces,Female_Mutant_feces_10,Feces,10_Female_Mutant,23.45,505_10
505_3,Plate1,A12,806rcbc11,AATTGTGTCGGACCGGACTACHVGGGTWild_TypeCTAAT,505_3,X505_3,feces,505,FemaleMutant,Female_Mutant,Female,Mutant,3,B,feces,Female_Mutant_feces,Female_Mutant_feces_3,Feces,3_Female_Mutant,10.7,505_3
505_6,Plate1,H12,806rcbc95,GATCCCACGTACCCGGACTACHVGGGTWild_TypeCTAAT,505_6,X505_6,feces,505,FemaleMutant,Female_Mutant,Female,Mutant,6,B,feces,Female_Mutant_feces,Female_Mutant_feces_6,Feces,6_Female_Mutant,19.7,505_6
509_10,Plate3,B12,806rcbc215,GCAACGAACGAGCCGGACTACHVGGGTWild_TypeCTAAT,509_10,X509_10,feces,509,MaleMutant,Male_Mutant,Male,Mutant,10,B,feces,Male_Mutant_feces,Male_Mutant_feces_10,Feces,10_Male_Mutant,26.6,509_10
509_3,Plate1,E04,806rcbc51,CTATCTCCTGTCCCGGACTACHVGGGTWild_TypeCTAAT,509_3,X509_3,feces,509,MaleMutant,Male_Mutant,Male,Mutant,3,B,feces,Male_Mutant_feces,Male_Mutant_feces_3,Feces,3_Male_Mutant,12.6,509_3
509_6,Plate2,D04,806rcbc135,AGCAACATTGCACCGGACTACHVGGGTWild_TypeCTAAT,509_6,X509_6,feces,509,MaleMutant,Male_Mutant,Male,Mutant,6,B,feces,Male_Mutant_feces,Male_Mutant_feces_6,Feces,6_Male_Mutant,20.4,509_6
510_10,Plate3,C01,806rcbc216,TGACTAATGGCCCCGGACTACHVGGGTWild_TypeCTAAT,510_10,X510_10,feces,510,MaleMutant,Male_Mutant,Male,Mutant,10,B,feces,Male_Mutant_feces,Male_Mutant_feces_10,Feces,10_Male_Mutant,21.2,510_10
510_3,Plate1,E05,806rcbc52,ACTCACAGGAATCCGGACTACHVGGGTWild_TypeCTAAT,510_3,X510_3,feces,510,MaleMutant,Male_Mutant,Male,Mutant,3,B,feces,Male_Mutant_feces,Male_Mutant_feces_3,Feces,3_Male_Mutant,11.45,510_3
510_6,Plate2,D05,806rcbc136,GATGTGGTGTTACCGGACTACHVGGGTWild_TypeCTAAT,510_6,X510_6,feces,510,MaleMutant,Male_Mutant,Male,Mutant,6,B,feces,Male_Mutant_feces,Male_Mutant_feces_6,Feces,6_Male_Mutant,18.1,510_6
515_10,Plate3,D09,806rcbc236,AATCTTGCGCCGCCGGACTACHVGGGTWild_TypeCTAAT,515_10,X515_10,feces,515,MaleWildType,Male_Wild_Type,Male,Wild_Type,10,B,feces,Male_Wild_Type_feces,Male_Wild_Type_feces_10,Feces,10_Male_Wild_Type,30.4,515_10
515_3,Plate1,G01,806rcbc72,GGTGACTAGTTCCCGGACTACHVGGGTWild_TypeCTAAT,515_3,X515_3,feces,515,MaleWildType,Male_Wild_Type,Male,Wild_Type,3,B,feces,Male_Wild_Type_feces,Male_Wild_Type_feces_3,Feces,3_Male_Wild_Type,14.15,515_3
515_6,Plate2,F01,806rcbc156,TCGTGCGTGTTGCCGGACTACHVGGGTWild_TypeCTAAT,515_6,X515_6,feces,515,MaleWildType,Male_Wild_Type,Male,Wild_Type,6,B,feces,Male_Wild_Type_feces,Male_Wild_Type_feces_6,Feces,6_Male_Wild_Type,21.95,515_6
517_10,Plate3,D10,806rcbc237,AGGATCAGGGAACCGGACTACHVGGGTWild_TypeCTAAT,517_10,X517_10,feces,517,MaleWildType,Male_Wild_Type,Male,Wild_Type,10,B,feces,Male_Wild_Type_feces,Male_Wild_Type_feces_10,Feces,10_Male_Wild_Type,22.4,517_10
517_3,Plate1,G02,806rcbc73,ATGGGTTCCGTCCCGGACTACHVGGGTWild_TypeCTAAT,517_3,X517_3,feces,517,MaleWildType,Male_Wild_Type,Male,Wild_Type,3,B,feces,Male_Wild_Type_feces,Male_Wild_Type_feces_3,Feces,3_Male_Wild_Type,9.7,517_3
517_6,Plate2,F02,806rcbc157,GTTATCGCATGGCCGGACTACHVGGGTWild_TypeCTAAT,517_6,X517_6,feces,517,MaleWildType,Male_Wild_Type,Male,Wild_Type,6,B,feces,Male_Wild_Type_feces,Male_Wild_Type_feces_6,Feces,6_Male_Wild_Type,19.6,517_6
518_10,Plate2,G10,806rcbc177,TTGATCCGGTAGCCGGACTACHVGGGTWild_TypeCTAAT,518_10,X518_10,feces,518,FemaleMutant,Female_Mutant,Female,Mutant,10,B,feces,Female_Mutant_feces,Female_Mutant_feces_10,Feces,10_Female_Mutant,29.25,518_10
518_3,Plate1,B02,806rcbc13,AGTCGAACGAGGCCGGACTACHVGGGTWild_TypeCTAAT,518_3,X518_3,feces,518,FemaleMutant,Female_Mutant,Female,Mutant,3,B,feces,Female_Mutant_feces,Female_Mutant_feces_3,Feces,3_Female_Mutant,12.5,518_3
518_6,Plate2,A02,806rcbc97,TGTGCGATAACACCGGACTACHVGGGTWild_TypeCTAAT,518_6,X518_6,feces,518,FemaleMutant,Female_Mutant,Female,Mutant,6,B,feces,Female_Mutant_feces,Female_Mutant_feces_6,Feces,6_Female_Mutant,20.8,518_6
519_10,Plate3,A03,806rcbc194,AGCCCTGCTACACCGGACTACHVGGGTWild_TypeCTAAT,519_10,X519_10,feces,519,FemaleWildType,Female_Wild_Type,Female,Wild_Type,10,B,feces,Female_Wild_Type_feces,Female_Wild_Type_feces_10,Feces,10_Female_Wild_Type,20.75,519_10
519_3,Plate1,C07,806rcbc30,AGATTGACCAACCCGGACTACHVGGGTWild_TypeCTAAT,519_3,X519_3,feces,519,FemaleWildType,Female_Wild_Type,Female,Wild_Type,3,B,feces,Female_Wild_Type_feces,Female_Wild_Type_feces_3,Feces,3_Female_Wild_Type,9.7,519_3
519_6,Plate2,B07,806rcbc114,CGTGCTTAGGCTCCGGACTACHVGGGTWild_TypeCTAAT,519_6,X519_6,feces,519,FemaleWildType,Female_Wild_Type,Female,Wild_Type,6,B,feces,Female_Wild_Type_feces,Female_Wild_Type_feces_6,Feces,6_Female_Wild_Type,17.45,519_6
521_10,Plate3,A04,806rcbc195,CCTAACGGTCCACCGGACTACHVGGGTWild_TypeCTAAT,521_10,X521_10,feces,521,FemaleWildType,Female_Wild_Type,Female,Wild_Type,10,B,feces,Female_Wild_Type_feces,Female_Wild_Type_feces_10,Feces,10_Female_Wild_Type,24.3,521_10
521_3,Plate1,C08,806rcbc31,AGTTACGAGCTACCGGACTACHVGGGTWild_TypeCTAAT,521_3,X521_3,feces,521,FemaleWildType,Female_Wild_Type,Female,Wild_Type,3,B,feces,Female_Wild_Type_feces,Female_Wild_Type_feces_3,Feces,3_Female_Wild_Type,10.1,521_3
521_6,Plate2,B08,806rcbc115,TACCGAAGGTATCCGGACTACHVGGGTWild_TypeCTAAT,521_6,X521_6,feces,521,FemaleWildType,Female_Wild_Type,Female,Wild_Type,6,B,feces,Female_Wild_Type_feces,Female_Wild_Type_feces_6,Feces,6_Female_Wild_Type,19.45,521_6
522_10,Plate3,A05,806rcbc196,CGCGCCTTAAACCCGGACTACHVGGGTWild_TypeCTAAT,522_10,X522_10,feces,522,FemaleWildType,Female_Wild_Type,Female,Wild_Type,10,B,feces,Female_Wild_Type_feces,Female_Wild_Type_feces_10,Feces,10_Female_Wild_Type,19.25,522_10
522_3,Plate1,C09,806rcbc32,GCATATGCACTGCCGGACTACHVGGGTWild_TypeCTAAT,522_3,X522_3,feces,522,FemaleWildType,Female_Wild_Type,Female,Wild_Type,3,B,feces,Female_Wild_Type_feces,Female_Wild_Type_feces_3,Feces,3_Female_Wild_Type,9.9,522_3
522_6,Plate2,B09,806rcbc116,CACTCATCATTCCCGGACTACHVGGGTWild_TypeCTAAT,522_6,X522_6,feces,522,FemaleWildType,Female_Wild_Type,Female,Wild_Type,6,B,feces,Female_Wild_Type_feces,Female_Wild_Type_feces_6,Feces,6_Female_Wild_Type,15.9,522_6
524_10,Plate3,D11,806rcbc238,AATAACTAGGGTCCGGACTACHVGGGTWild_TypeCTAAT,524_10,X524_10,feces,524,MaleWildType,Male_Wild_Type,Male,Wild_Type,10,B,feces,Male_Wild_Type_feces,Male_Wild_Type_feces_10,Feces,10_Male_Wild_Type,30.9,524_10
524_3,Plate1,G03,806rcbc74,TAGGCATGCTTGCCGGACTACHVGGGTWild_TypeCTAAT,524_3,X524_3,feces,524,MaleWildType,Male_Wild_Type,Male,Wild_Type,3,B,feces,Male_Wild_Type_feces,Male_Wild_Type_feces_3,Feces,3_Male_Wild_Type,14.6,524_3
524_6,Plate2,F03,806rcbc158,GATCACGAGAGGCCGGACTACHVGGGTWild_TypeCTAAT,524_6,X524_6,feces,524,MaleWildType,Male_Wild_Type,Male,Wild_Type,6,B,feces,Male_Wild_Type_feces,Male_Wild_Type_feces_6,Feces,6_Male_Wild_Type,22.65,524_6
528_10,Plate3,C02,806rcbc217,CGGGACACCCGACCGGACTACHVGGGTWild_TypeCTAAT,528_10,X528_10,feces,528,MaleMutant,Male_Mutant,Male,Mutant,10,B,feces,Male_Mutant_feces,Male_Mutant_feces_10,Feces,10_Male_Mutant,28.9,528_10
528_3,Plate1,E06,806rcbc53,ATGATGAGCCTCCCGGACTACHVGGGTWild_TypeCTAAT,528_3,X528_3,feces,528,MaleMutant,Male_Mutant,Male,Mutant,3,B,feces,Male_Mutant_feces,Male_Mutant_feces_3,Feces,3_Male_Mutant,12.5,528_3
528_6,Plate2,D06,806rcbc137,CAGAAATGTGTCCCGGACTACHVGGGTWild_TypeCTAAT,528_6,X528_6,feces,528,MaleMutant,Male_Mutant,Male,Mutant,6,B,feces,Male_Mutant_feces,Male_Mutant_feces_6,Feces,6_Male_Mutant,19.35,528_6
532_10,Plate3,A06,806rcbc197,TATGGTACCCAGCCGGACTACHVGGGTWild_TypeCTAAT,532_10,X532_10,feces,532,FemaleWildType,Female_Wild_Type,Female,Wild_Type,10,B,feces,Female_Wild_Type_feces,Female_Wild_Type_feces_10,Feces,10_Female_Wild_Type,21.6,532_10
532_3,Plate1,C10,806rcbc33,CAACTCCCGTGACCGGACTACHVGGGTWild_TypeCTAAT,532_3,X532_3,feces,532,FemaleWildType,Female_Wild_Type,Female,Wild_Type,3,B,feces,Female_Wild_Type_feces,Female_Wild_Type_feces_3,Feces,3_Female_Wild_Type,11.35,532_3
532_6,Plate2,B10,806rcbc117,GTATTTCGGACGCCGGACTACHVGGGTWild_TypeCTAAT,532_6,X532_6,feces,532,FemaleWildType,Female_Wild_Type,Female,Wild_Type,6,B,feces,Female_Wild_Type_feces,Female_Wild_Type_feces_6,Feces,6_Female_Wild_Type,17.8,532_6
534_10,Plate2,G09,806rcbc176,TAATCGGTGCCACCGGACTACHVGGGTWild_TypeCTAAT,534_10,X534_10,feces,534,FemaleMutant,Female_Mutant,Female,Mutant,10,B,feces,Female_Mutant_feces,Female_Mutant_feces_10,Feces,10_Female_Mutant,22.65,534_10
534_3,Plate1,B01,806rcbc12,TGCATACACTGGCCGGACTACHVGGGTWild_TypeCTAAT,534_3,X534_3,feces,534,FemaleMutant,Female_Mutant,Female,Mutant,3,B,feces,Female_Mutant_feces,Female_Mutant_feces_3,Feces,3_Female_Mutant,12,534_3
534_6,Plate2,A01,806rcbc96,TACCGCTTCTTCCCGGACTACHVGGGTWild_TypeCTAAT,534_6,X534_6,feces,534,FemaleMutant,Female_Mutant,Female,Mutant,6,B,feces,Female_Mutant_feces,Female_Mutant_feces_6,Feces,6_Female_Mutant,19.25,534_6
535_10,Plate3,C03,806rcbc218,CTGTCTATACTACCGGACTACHVGGGTWild_TypeCTAAT,535_10,X535_10,feces,535,MaleMutant,Male_Mutant,Male,Mutant,10,B,feces,Male_Mutant_feces,Male_Mutant_feces_10,Feces,10_Male_Mutant,30.8,535_10
535_3,Plate1,E07,806rcbc54,GTCGACAGAGGACCGGACTACHVGGGTWild_TypeCTAAT,535_3,X535_3,feces,535,MaleMutant,Male_Mutant,Male,Mutant,3,B,feces,Male_Mutant_feces,Male_Mutant_feces_3,Feces,3_Male_Mutant,13,535_3
535_6,Plate2,D07,806rcbc138,GTAGAGGTAGAGCCGGACTACHVGGGTWild_TypeCTAAT,535_6,X535_6,feces,535,MaleMutant,Male_Mutant,Male,Mutant,6,B,feces,Male_Mutant_feces,Male_Mutant_feces_6,Feces,6_Male_Mutant,22.75,535_6
536_10,Plate3,C04,806rcbc219,TATGCCAGAGATCCGGACTACHVGGGTWild_TypeCTAAT,536_10,X536_10,feces,536,MaleMutant,Male_Mutant,Male,Mutant,10,B,feces,Male_Mutant_feces,Male_Mutant_feces_10,Feces,10_Male_Mutant,22.1,536_10
536_3,Plate1,E08,806rcbc55,TGTCGCAAATAGCCGGACTACHVGGGTWild_TypeCTAAT,536_3,X536_3,feces,536,MaleMutant,Male_Mutant,Male,Mutant,3,B,feces,Male_Mutant_feces,Male_Mutant_feces_3,Feces,3_Male_Mutant,12.25,536_3
536_6,Plate2,D08,806rcbc139,CGTGATCCGCTACCGGACTACHVGGGTWild_TypeCTAAT,536_6,X536_6,feces,536,MaleMutant,Male_Mutant,Male,Mutant,6,B,feces,Male_Mutant_feces,Male_Mutant_feces_6,Feces,6_Male_Mutant,18.9,536_6
538_10,Plate2,G11,806rcbc178,CGGGTGTTTGCTCCGGACTACHVGGGTWild_TypeCTAAT,538_10,X538_10,feces,538,FemaleMutant,Female_Mutant,Female,Mutant,10,B,feces,Female_Mutant_feces,Female_Mutant_feces_10,Feces,10_Female_Mutant,35.3,538_10
538_3,Plate1,B03,806rcbc14,ACCAGTGACTCACCGGACTACHVGGGTWild_TypeCTAAT,538_3,X538_3,feces,538,FemaleMutant,Female_Mutant,Female,Mutant,3,B,feces,Female_Mutant_feces,Female_Mutant_feces_3,Feces,3_Female_Mutant,13.45,538_3
538_6,Plate2,A03,806rcbc98,GATTATCGACGACCGGACTACHVGGGTWild_TypeCTAAT,538_6,X538_6,feces,538,FemaleMutant,Female_Mutant,Female,Mutant,6,B,feces,Female_Mutant_feces,Female_Mutant_feces_6,Feces,6_Female_Mutant,22.6,538_6
541_10,Plate3,D12,806rcbc239,TATTGCAGCAGCCCGGACTACHVGGGTWild_TypeCTAAT,541_10,X541_10,feces,541,MaleWildType,Male_Wild_Type,Male,Wild_Type,10,B,feces,Male_Wild_Type_feces,Male_Wild_Type_feces_10,Feces,10_Male_Wild_Type,31.05,541_10
541_3,Plate1,G04,806rcbc75,AACTAGTTCAGGCCGGACTACHVGGGTWild_TypeCTAAT,541_3,X541_3,feces,541,MaleWildType,Male_Wild_Type,Male,Wild_Type,3,B,feces,Male_Wild_Type_feces,Male_Wild_Type_feces_3,Feces,3_Male_Wild_Type,14.55,541_3
541_6,Plate2,F04,806rcbc159,GTAAATTCAGGCCCGGACTACHVGGGTWild_TypeCTAAT,541_6,X541_6,feces,541,MaleWildType,Male_Wild_Type,Male,Wild_Type,6,B,feces,Male_Wild_Type_feces,Male_Wild_Type_feces_6,Feces,6_Male_Wild_Type,23.4,541_6
542_10,Plate2,G12,806rcbc179,TTGACCGCGGTTCCGGACTACHVGGGTWild_TypeCTAAT,542_10,X542_10,feces,542,FemaleMutant,Female_Mutant,Female,Mutant,10,B,feces,Female_Mutant_feces,Female_Mutant_feces_10,Feces,10_Female_Mutant,29.55,542_10
542_3,Plate1,B04,806rcbc15,GAATACCAAGTCCCGGACTACHVGGGTWild_TypeCTAAT,542_3,X542_3,feces,542,FemaleMutant,Female_Mutant,Female,Mutant,3,B,feces,Female_Mutant_feces,Female_Mutant_feces_3,Feces,3_Female_Mutant,9,542_3
542_6,Plate2,A04,806rcbc99,GCCTAGCCCAATCCGGACTACHVGGGTWild_TypeCTAAT,542_6,X542_6,feces,542,FemaleMutant,Female_Mutant,Female,Mutant,6,B,feces,Female_Mutant_feces,Female_Mutant_feces_6,Feces,6_Female_Mutant,18.4,542_6
547_10,Plate3,C05,806rcbc220,CGTTTGGAATGACCGGACTACHVGGGTWild_TypeCTAAT,547_10,X547_10,feces,547,MaleMutant,Male_Mutant,Male,Mutant,10,B,feces,Male_Mutant_feces,Male_Mutant_feces_10,Feces,10_Male_Mutant,26.95,547_10
547_3,Plate1,E09,806rcbc56,CATCCCTCTACTCCGGACTACHVGGGTWild_TypeCTAAT,547_3,X547_3,feces,547,MaleMutant,Male_Mutant,Male,Mutant,3,B,feces,Male_Mutant_feces,Male_Mutant_feces_3,Feces,3_Male_Mutant,12,547_3
547_6,Plate2,D09,806rcbc140,GGTTATTTGGCGCCGGACTACHVGGGTWild_TypeCTAAT,547_6,X547_6,feces,547,MaleMutant,Male_Mutant,Male,Mutant,6,B,feces,Male_Mutant_feces,Male_Mutant_feces_6,Feces,6_Male_Mutant,20.7,547_6
548_10,Plate3,C06,806rcbc221,AAGAACTCATGACCGGACTACHVGGGTWild_TypeCTAAT,548_10,X548_10,feces,548,MaleMutant,Male_Mutant,Male,Mutant,10,B,feces,Male_Mutant_feces,Male_Mutant_feces_10,Feces,10_Male_Mutant,33.4,548_10
548_3,Plate1,E10,806rcbc57,TATACCGCTGCGCCGGACTACHVGGGTWild_TypeCTAAT,548_3,X548_3,feces,548,MaleMutant,Male_Mutant,Male,Mutant,3,B,feces,Male_Mutant_feces,Male_Mutant_feces_3,Feces,3_Male_Mutant,10.3,548_3
548_6,Plate2,D10,806rcbc141,GGATCGTAATACCCGGACTACHVGGGTWild_TypeCTAAT,548_6,X548_6,feces,548,MaleMutant,Male_Mutant,Male,Mutant,6,B,feces,Male_Mutant_feces,Male_Mutant_feces_6,Feces,6_Male_Mutant,20.05,548_6
549_10,Plate3,A07,806rcbc198,TACAATATCTGTCCGGACTACHVGGGTWild_TypeCTAAT,549_10,X549_10,feces,549,FemaleWildType,Female_Wild_Type,Female,Wild_Type,10,B,feces,Female_Wild_Type_feces,Female_Wild_Type_feces_10,Feces,10_Female_Wild_Type,21.85,549_10
549_3,Plate1,C11,806rcbc34,TTGCGTTAGCAGCCGGACTACHVGGGTWild_TypeCTAAT,549_3,X549_3,feces,549,FemaleWildType,Female_Wild_Type,Female,Wild_Type,3,B,feces,Female_Wild_Type_feces,Female_Wild_Type_feces_3,Feces,3_Female_Wild_Type,11,549_3
549_6,Plate2,B11,806rcbc118,TATCTATCCTGCCCGGACTACHVGGGTWild_TypeCTAAT,549_6,X549_6,feces,549,FemaleWildType,Female_Wild_Type,Female,Wild_Type,6,B,feces,Female_Wild_Type_feces,Female_Wild_Type_feces_6,Feces,6_Female_Wild_Type,18.4,549_6
553_10,Plate3,C07,806rcbc222,TGATATCGTCTTCCGGACTACHVGGGTWild_TypeCTAAT,553_10,X553_10,feces,553,MaleMutant,Male_Mutant,Male,Mutant,10,B,feces,Male_Mutant_feces,Male_Mutant_feces_10,Feces,10_Male_Mutant,26.15,553_10
553_3,Plate1,E11,806rcbc58,AGTTGAGGCATTCCGGACTACHVGGGTWild_TypeCTAAT,553_3,X553_3,feces,553,MaleMutant,Male_Mutant,Male,Mutant,3,B,feces,Male_Mutant_feces,Male_Mutant_feces_3,Feces,3_Male_Mutant,11.9,553_3
553_6,Plate2,D11,806rcbc142,GCATAGCATCAACCGGACTACHVGGGTWild_TypeCTAAT,553_6,X553_6,feces,553,MaleMutant,Male_Mutant,Male,Mutant,6,B,feces,Male_Mutant_feces,Male_Mutant_feces_6,Feces,6_Male_Mutant,20.25,553_6
555_10,Plate3,E01,806rcbc240,TGATGTGCTAAGCCGGACTACHVGGGTWild_TypeCTAAT,555_10,X555_10,feces,555,MaleWildType,Male_Wild_Type,Male,Wild_Type,10,B,feces,Male_Wild_Type_feces,Male_Wild_Type_feces_10,Feces,10_Male_Wild_Type,27.45,555_10
555_3,Plate1,G05,806rcbc76,ATTCTGCCGAAGCCGGACTACHVGGGTWild_TypeCTAAT,555_3,X555_3,feces,555,MaleWildType,Male_Wild_Type,Male,Wild_Type,3,B,feces,Male_Wild_Type_feces,Male_Wild_Type_feces_3,Feces,3_Male_Wild_Type,10.85,555_3
555_6,Plate2,F05,806rcbc160,AGTGTTTCGGACCCGGACTACHVGGGTWild_TypeCTAAT,555_6,X555_6,feces,555,MaleWildType,Male_Wild_Type,Male,Wild_Type,6,B,feces,Male_Wild_Type_feces,Male_Wild_Type_feces_6,Feces,6_Male_Wild_Type,21.05,555_6
562_10,Plate3,A08,806rcbc199,AATTTAGGTAGGCCGGACTACHVGGGTWild_TypeCTAAT,562_10,X562_10,feces,562,FemaleWildType,Female_Wild_Type,Female,Wild_Type,10,B,feces,Female_Wild_Type_feces,Female_Wild_Type_feces_10,Feces,10_Female_Wild_Type,21.45,562_10
562_3,Plate1,C12,806rcbc35,TACGAGCCCTAACCGGACTACHVGGGTWild_TypeCTAAT,562_3,X562_3,feces,562,FemaleWildType,Female_Wild_Type,Female,Wild_Type,3,B,feces,Female_Wild_Type_feces,Female_Wild_Type_feces_3,Feces,3_Female_Wild_Type,9.95,562_3
562_6,Plate2,B12,806rcbc119,TTGCCAAGAGTCCCGGACTACHVGGGTWild_TypeCTAAT,562_6,X562_6,feces,562,FemaleWildType,Female_Wild_Type,Female,Wild_Type,6,B,feces,Female_Wild_Type_feces,Female_Wild_Type_feces_6,Feces,6_Female_Wild_Type,16.25,562_6
564_10,Plate2,H01,806rcbc180,GTGCAACCAATCCCGGACTACHVGGGTWild_TypeCTAAT,564_10,X564_10,feces,564,FemaleMutant,Female_Mutant,Female,Mutant,10,B,feces,Female_Mutant_feces,Female_Mutant_feces_10,Feces,10_Female_Mutant,34.55,564_10
564_3,Plate1,B05,806rcbc16,GTAGATCGTGTACCGGACTACHVGGGTWild_TypeCTAAT,564_3,X564_3,feces,564,FemaleMutant,Female_Mutant,Female,Mutant,3,B,feces,Female_Mutant_feces,Female_Mutant_feces_3,Feces,3_Female_Mutant,12.75,564_3
564_6,Plate2,A05,806rcbc100,GATGTATGTGGTCCGGACTACHVGGGTWild_TypeCTAAT,564_6,X564_6,feces,564,FemaleMutant,Female_Mutant,Female,Mutant,6,B,feces,Female_Mutant_feces,Female_Mutant_feces_6,Feces,6_Female_Mutant,22.2,564_6
568_10,Plate3,E02,806rcbc241,GTAGTAGACCATCCGGACTACHVGGGTWild_TypeCTAAT,568_10,X568_10,feces,568,MaleWildType,Male_Wild_Type,Male,Wild_Type,10,B,feces,Male_Wild_Type_feces,Male_Wild_Type_feces_10,Feces,10_Male_Wild_Type,32.55,568_10
568_3,Plate1,G06,806rcbc77,AGCATGTCCCGTCCGGACTACHVGGGTWild_TypeCTAAT,568_3,X568_3,feces,568,MaleWildType,Male_Wild_Type,Male,Wild_Type,3,B,feces,Male_Wild_Type_feces,Male_Wild_Type_feces_3,Feces,3_Male_Wild_Type,13.3,568_3
568_6,Plate2,F06,806rcbc161,ACACGCGGTTTACCGGACTACHVGGGTWild_TypeCTAAT,568_6,X568_6,feces,568,MaleWildType,Male_Wild_Type,Male,Wild_Type,6,B,feces,Male_Wild_Type_feces,Male_Wild_Type_feces_6,Feces,6_Male_Wild_Type,23.7,568_6
571_10,Plate2,H02,806rcbc181,GCTTGAGCTTGACCGGACTACHVGGGTWild_TypeCTAAT,571_10,X571_10,feces,571,FemaleMutant,Female_Mutant,Female,Mutant,10,B,feces,Female_Mutant_feces,Female_Mutant_feces_10,Feces,10_Female_Mutant,22.6,571_10
571_3,Plate1,B06,806rcbc17,TAACGTGTGTGCCCGGACTACHVGGGTWild_TypeCTAAT,571_3,X571_3,feces,571,FemaleMutant,Female_Mutant,Female,Mutant,3,B,feces,Female_Mutant_feces,Female_Mutant_feces_3,Feces,3_Female_Mutant,10.65,571_3
571_6,Plate2,A06,806rcbc101,ACTCCTTGTGTTCCGGACTACHVGGGTWild_TypeCTAAT,571_6,X571_6,feces,571,FemaleMutant,Female_Mutant,Female,Mutant,6,B,feces,Female_Mutant_feces,Female_Mutant_feces_6,Feces,6_Female_Mutant,17.9,571_6
572_10,Plate2,H03,806rcbc182,CGCTGTGGATTACCGGACTACHVGGGTWild_TypeCTAAT,572_10,X572_10,feces,572,FemaleMutant,Female_Mutant,Female,Mutant,10,B,feces,Female_Mutant_feces,Female_Mutant_feces_10,Feces,10_Female_Mutant,26.05,572_10
572_3,Plate1,B07,806rcbc18,CATTATGGCGTGCCGGACTACHVGGGTWild_TypeCTAAT,572_3,X572_3,feces,572,FemaleMutant,Female_Mutant,Female,Mutant,3,B,feces,Female_Mutant_feces,Female_Mutant_feces_3,Feces,3_Female_Mutant,11.4,572_3
572_6,Plate2,A07,806rcbc102,GTCACGGACATTCCGGACTACHVGGGTWild_TypeCTAAT,572_6,X572_6,feces,572,FemaleMutant,Female_Mutant,Female,Mutant,6,B,feces,Female_Mutant_feces,Female_Mutant_feces_6,Feces,6_Female_Mutant,19.9,572_6
573_10,Plate3,A09,806rcbc200,GACTCAACCAGTCCGGACTACHVGGGTWild_TypeCTAAT,573_10,X573_10,feces,573,FemaleWildType,Female_Wild_Type,Female,Wild_Type,10,B,feces,Female_Wild_Type_feces,Female_Wild_Type_feces_10,Feces,10_Female_Wild_Type,19.35,573_10
573_3,Plate1,D01,806rcbc36,CACTACGCTAGACCGGACTACHVGGGTWild_TypeCTAAT,573_3,X573_3,feces,573,FemaleWildType,Female_Wild_Type,Female,Wild_Type,3,B,feces,Female_Wild_Type_feces,Female_Wild_Type_feces_3,Feces,3_Female_Wild_Type,10.15,573_3
573_6,Plate2,C01,806rcbc120,AGTAGCGGAAGACCGGACTACHVGGGTWild_TypeCTAAT,573_6,X573_6,feces,573,FemaleWildType,Female_Wild_Type,Female,Wild_Type,6,B,feces,Female_Wild_Type_feces,Female_Wild_Type_feces_6,Feces,6_Female_Wild_Type,16.4,573_6
577_10,Plate2,H04,806rcbc183,CTGTCAGTGACCCCGGACTACHVGGGTWild_TypeCTAAT,577_10,X577_10,feces,577,FemaleMutant,Female_Mutant,Female,Mutant,10,B,feces,Female_Mutant_feces,Female_Mutant_feces_10,Feces,10_Female_Mutant,32.35,577_10
577_3,Plate1,B08,806rcbc19,CCAATACGCCTGCCGGACTACHVGGGTWild_TypeCTAAT,577_3,X577_3,feces,577,FemaleMutant,Female_Mutant,Female,Mutant,3,B,feces,Female_Mutant_feces,Female_Mutant_feces_3,Feces,3_Female_Mutant,12.9,577_3
577_6,Plate2,A08,806rcbc103,GCGAGCGAAGTACCGGACTACHVGGGTWild_TypeCTAAT,577_6,X577_6,feces,577,FemaleMutant,Female_Mutant,Female,Mutant,6,B,feces,Female_Mutant_feces,Female_Mutant_feces_6,Feces,6_Female_Mutant,21.35,577_6
578_10,Plate3,C08,806rcbc223,CGGTGACCTACTCCGGACTACHVGGGTWild_TypeCTAAT,578_10,X578_10,feces,578,MaleMutant,Male_Mutant,Male,Mutant,10,B,feces,Male_Mutant_feces,Male_Mutant_feces_10,Feces,10_Male_Mutant,32.9,578_10
578_3,Plate1,E12,806rcbc59,ACAATAGACACCCCGGACTACHVGGGTWild_TypeCTAAT,578_3,X578_3,feces,578,MaleMutant,Male_Mutant,Male,Mutant,3,B,feces,Male_Mutant_feces,Male_Mutant_feces_3,Feces,3_Male_Mutant,13.95,578_3
578_6,Plate2,D12,806rcbc143,GTGTTAGATGTGCCGGACTACHVGGGTWild_TypeCTAAT,578_6,X578_6,feces,578,MaleMutant,Male_Mutant,Male,Mutant,6,B,feces,Male_Mutant_feces,Male_Mutant_feces_6,Feces,6_Male_Mutant,22.45,578_6
579_10,Plate3,E03,806rcbc242,AGTAAAGATCGTCCGGACTACHVGGGTWild_TypeCTAAT,579_10,X579_10,feces,579,MaleWildType,Male_Wild_Type,Male,Wild_Type,10,B,feces,Male_Wild_Type_feces,Male_Wild_Type_feces_10,Feces,10_Male_Wild_Type,22.15,579_10
579_3,Plate1,G07,806rcbc78,GTACGATATGACCCGGACTACHVGGGTWild_TypeCTAAT,579_3,X579_3,feces,579,MaleWildType,Male_Wild_Type,Male,Wild_Type,3,B,feces,Male_Wild_Type_feces,Male_Wild_Type_feces_3,Feces,3_Male_Wild_Type,11.1,579_3
579_6,Plate2,F07,806rcbc162,TGGCAAATCTAGCCGGACTACHVGGGTWild_TypeCTAAT,579_6,X579_6,feces,579,MaleWildType,Male_Wild_Type,Male,Wild_Type,6,B,feces,Male_Wild_Type_feces,Male_Wild_Type_feces_6,Feces,6_Male_Wild_Type,16.7,579_6
580_10,Plate3,A10,806rcbc201,GCCTCTACGTCGCCGGACTACHVGGGTWild_TypeCTAAT,580_10,X580_10,feces,580,FemaleWildType,Female_Wild_Type,Female,Wild_Type,10,B,feces,Female_Wild_Type_feces,Female_Wild_Type_feces_10,Feces,10_Female_Wild_Type,19.65,580_10
580_3,Plate1,D02,806rcbc37,TGCAGTCCTCGACCGGACTACHVGGGTWild_TypeCTAAT,580_3,X580_3,feces,580,FemaleWildType,Female_Wild_Type,Female,Wild_Type,3,B,feces,Female_Wild_Type_feces,Female_Wild_Type_feces_3,Feces,3_Female_Wild_Type,11.75,580_3
580_6,Plate2,C02,806rcbc121,GCAATTAGGTACCCGGACTACHVGGGTWild_TypeCTAAT,580_6,X580_6,feces,580,FemaleWildType,Female_Wild_Type,Female,Wild_Type,6,B,feces,Female_Wild_Type_feces,Female_Wild_Type_feces_6,Feces,6_Female_Wild_Type,17.5,580_6
584_10,Plate3,E04,806rcbc243,CTCGCCCTCGCCCCGGACTACHVGGGTWild_TypeCTAAT,584_10,X584_10,feces,584,MaleWildType,Male_Wild_Type,Male,Wild_Type,10,B,feces,Male_Wild_Type_feces,Male_Wild_Type_feces_10,Feces,10_Male_Wild_Type,28.2,584_10
584_3,Plate1,G08,806rcbc79,GTGGTGGTTTCCCCGGACTACHVGGGTWild_TypeCTAAT,584_3,X584_3,feces,584,MaleWildType,Male_Wild_Type,Male,Wild_Type,3,B,feces,Male_Wild_Type_feces,Male_Wild_Type_feces_3,Feces,3_Male_Wild_Type,14.15,584_3
584_6,Plate2,F08,806rcbc163,CACCTTACCTTACCGGACTACHVGGGTWild_TypeCTAAT,584_6,X584_6,feces,584,MaleWildType,Male_Wild_Type,Male,Wild_Type,6,B,feces,Male_Wild_Type_feces,Male_Wild_Type_feces_6,Feces,6_Male_Wild_Type,21.85,584_6
590_10,Plate3,A11,806rcbc202,ACTACTGAGGATCCGGACTACHVGGGTWild_TypeCTAAT,590_10,X590_10,feces,590,FemaleWildType,Female_Wild_Type,Female,Wild_Type,10,B,feces,Female_Wild_Type_feces,Female_Wild_Type_feces_10,Feces,10_Female_Wild_Type,18.7,590_10
590_3,Plate1,D03,806rcbc38,ACCATAGCTCCGCCGGACTACHVGGGTWild_TypeCTAAT,590_3,X590_3,feces,590,FemaleWildType,Female_Wild_Type,Female,Wild_Type,3,B,feces,Female_Wild_Type_feces,Female_Wild_Type_feces_3,Feces,3_Female_Wild_Type,7.85,590_3
590_6,Plate2,C03,806rcbc122,CATACCGTGAGTCCGGACTACHVGGGTWild_TypeCTAAT,590_6,X590_6,feces,590,FemaleWildType,Female_Wild_Type,Female,Wild_Type,6,B,feces,Female_Wild_Type_feces,Female_Wild_Type_feces_6,Feces,6_Female_Wild_Type,15.95,590_6
592_10,Plate3,A12,806rcbc203,AATTCACCTCCTCCGGACTACHVGGGTWild_TypeCTAAT,592_10,X592_10,feces,592,FemaleWildType,Female_Wild_Type,Female,Wild_Type,10,B,feces,Female_Wild_Type_feces,Female_Wild_Type_feces_10,Feces,10_Female_Wild_Type,20.35,592_10
592_3,Plate1,D04,806rcbc39,TCGACATCTCTTCCGGACTACHVGGGTWild_TypeCTAAT,592_3,X592_3,feces,592,FemaleWildType,Female_Wild_Type,Female,Wild_Type,3,B,feces,Female_Wild_Type_feces,Female_Wild_Type_feces_3,Feces,3_Female_Wild_Type,7.95,592_3
592_6,Plate2,C04,806rcbc123,ATGTGTGTAGACCCGGACTACHVGGGTWild_TypeCTAAT,592_6,X592_6,feces,592,FemaleWildType,Female_Wild_Type,Female,Wild_Type,6,B,feces,Female_Wild_Type_feces,Female_Wild_Type_feces_6,Feces,6_Female_Wild_Type,16.55,592_6